Adaugare autovehicul,Thu Apr 30 23:25:09 EEST 2020
Adaugare autovehicul,Thu Apr 30 23:25:30 EEST 2020
Adaugare autovehicul,Thu Apr 30 23:25:49 EEST 2020
Adaugare autovehicul,Thu Apr 30 23:26:26 EEST 2020
Adaugare autovehicul,Thu Apr 30 23:26:44 EEST 2020
Adaugare autovehicul,Thu Apr 30 23:27:20 EEST 2020
Adaugare autovehicul,Thu Apr 30 23:27:40 EEST 2020
Afisare autovehicule,Thu Apr 30 23:27:45 EEST 2020
Stergere autovehicul,Thu Apr 30 23:28:15 EEST 2020
Afisare autovehicule,Thu Apr 30 23:28:22 EEST 2020
Adaugare client,Thu Apr 30 23:28:49 EEST 2020
Adaugare client,Thu Apr 30 23:29:08 EEST 2020
Adaugare client,Thu Apr 30 23:29:25 EEST 2020
Afisare clienti,Thu Apr 30 23:29:35 EEST 2020
Stergere client,Thu Apr 30 23:29:44 EEST 2020
Afisare clienti,Thu Apr 30 23:29:48 EEST 2020
Inregistrare vanzare,Thu Apr 30 23:30:46 EEST 2020
Inregistrare vanzare,Thu Apr 30 23:30:51 EEST 2020
Inregistrare vanzare,Thu Apr 30 23:31:04 EEST 2020
Afisare vanzari,Thu Apr 30 23:31:13 EEST 2020
Afisare autovehicule ale clientului,Thu Apr 30 23:31:25 EEST 2020
Afisare autovehicule dupa pret,Thu Apr 30 23:31:34 EEST 2020
